{"jsonVersion":"1.5.3","externalLevels":false,"simplifiedExport":false,"levels":[{"identifier":"room_blueprint_0","layerInstances":[{"__identifier":"layer_lights_and_walls","gridTiles":[],"entityInstances":[{"__identifier":"light_position","__grid":[13,1],"px":[104,8],"width":16,"height":16},{"__identifier":"light_position","__grid":[13,11],"px":[104,88],"width":16,"height":16},{"__identifier":"light_position","__grid":[1,11],"px":[8,88],"width":16,"height":16},{"__identifier":"walls","__grid":[0,0],"px":[0,0],"width":8,"height":32},{"__identifier":"walls","__grid":[1,0],"px":[8,0],"width":24,"height":8},{"__identifier":"walls","__grid":[12,0],"px":[96,0],"width":32,"height":8},{"__identifier":"walls","__grid":[15,1],"px":[120,8],"width":8,"height":24},{"__identifier":"walls","__grid":[0,5],"px":[0,40],"width":8,"height":32},{"__identifier":"walls","__grid":[0,10],"px":[0,80],"width":8,"height":32},{"__identifier":"walls","__grid":[1,13],"px":[8,104],"width":24,"height":8},{"__identifier":"walls","__grid":[12,13],"px":[96,104],"width":32,"height":8},{"__identifier":"walls","__grid":[15,10],"px":[120,80],"width":8,"height":24},{"__identifier":"walls","__grid":[15,5],"px":[120,40],"width":8,"height":32},{"__identifier":"light_position","__grid":[1,1],"px":[8,8],"width":16,"height":16},{"__identifier":"walls","__grid":[5,0],"px":[40,0],"width":8,"height":8},{"__identifier":"walls","__grid":[10,0],"px":[80,0],"width":8,"height":8},{"__identifier":"walls","__grid":[7,0],"px":[56,0],"width":16,"height":8},{"__identifier":"walls","__grid":[5,13],"px":[40,104],"width":8,"height":8},{"__identifier":"walls","__grid":[10,13],"px":[80,104],"width":8,"height":8},{"__identifier":"walls","__grid":[7,13],"px":[56,104],"width":16,"height":8}]},{"__identifier":"layer_tiles","gridTiles":[{"t":6,"px":[0,0]},{"t":6,"px":[8,0]},{"t":6,"px":[16,0]},{"t":6,"px":[24,0]},{"t":10,"px":[32,0]},{"t":6,"px":[40,0]},{"t":10,"px":[48,0]},{"t":6,"px":[56,0]},{"t":6,"px":[64,0]},{"t":10,"px":[72,0]},{"t":6,"px":[80,0]},{"t":10,"px":[88,0]},{"t":6,"px":[96,0]},{"t":6,"px":[104,0]},{"t":6,"px":[112,0]},{"t":6,"px":[120,0]},{"t":6,"px":[0,8]},{"t":5,"px":[8,8]},{"t":5,"px":[16,8]},{"t":5,"px":[24,8]},{"t":5,"px":[32,8]},{"t":5,"px":[40,8]},{"t":5,"px":[48,8]},{"t":5,"px":[56,8]},{"t":5,"px":[64,8]},{"t":5,"px":[72,8]},{"t":5,"px":[80,8]},{"t":5,"px":[88,8]},{"t":5,"px":[96,8]},{"t":5,"px":[104,8]},{"t":5,"px":[112,8]},{"t":6,"px":[120,8]},{"t":6,"px":[0,16]},{"t":5,"px":[8,16]},{"t":5,"px":[16,16]},{"t":5,"px":[24,16]},{"t":5,"px":[32,16]},{"t":5,"px":[40,16]},{"t":5,"px":[48,16]},{"t":5,"px":[56,16]},{"t":5,"px":[64,16]},{"t":5,"px":[72,16]},{"t":5,"px":[80,16]},{"t":5,"px":[88,16]},{"t":5,"px":[96,16]},{"t":5,"px":[104,16]},{"t":5,"px":[112,16]},{"t":6,"px":[120,16]},{"t":6,"px":[0,24]},{"t":5,"px":[8,24]},{"t":5,"px":[16,24]},{"t":5,"px":[24,24]},{"t":5,"px":[32,24]},{"t":5,"px":[40,24]},{"t":5,"px":[48,24]},{"t":5,"px":[56,24]},{"t":5,"px":[64,24]},{"t":5,"px":[72,24]},{"t":5,"px":[80,24]},{"t":5,"px":[88,24]},{"t":5,"px":[96,24]},{"t":5,"px":[104,24]},{"t":5,"px":[112,24]},{"t":6,"px":[120,24]},{"t":10,"px":[0,32]},{"t":5,"px":[8,32]},{"t":5,"px":[16,32]},{"t":5,"px":[24,32]},{"t":5,"px":[32,32]},{"t":5,"px":[40,32]},{"t":5,"px":[48,32]},{"t":5,"px":[56,32]},{"t":5,"px":[64,32]},{"t":5,"px":[72,32]},{"t":5,"px":[80,32]},{"t":5,"px":[88,32]},{"t":5,"px":[96,32]},{"t":5,"px":[104,32]},{"t":5,"px":[112,32]},{"t":10,"px":[120,32]},{"t":6,"px":[0,40]},{"t":5,"px":[8,40]},{"t":5,"px":[16,40]},{"t":5,"px":[24,40]},{"t":5,"px":[32,40]},{"t":5,"px":[40,40]},{"t":5,"px":[48,40]},{"t":5,"px":[56,40]},{"t":5,"px":[64,40]},{"t":5,"px":[72,40]},{"t":5,"px":[80,40]},{"t":5,"px":[88,40]},{"t":5,"px":[96,40]},{"t":5,"px":[104,40]},{"t":5,"px":[112,40]},{"t":6,"px":[120,40]},{"t":6,"px":[0,48]},{"t":5,"px":[8,48]},{"t":5,"px":[16,48]},{"t":5,"px":[24,48]},{"t":5,"px":[32,48]},{"t":5,"px":[40,48]},{"t":5,"px":[48,48]},{"t":5,"px":[56,48]},{"t":5,"px":[64,48]},{"t":5,"px":[72,48]},{"t":5,"px":[80,48]},{"t":5,"px":[88,48]},{"t":5,"px":[96,48]},{"t":5,"px":[104,48]},{"t":5,"px":[112,48]},{"t":6,"px":[120,48]},{"t":6,"px":[0,56]},{"t":5,"px":[8,56]},{"t":5,"px":[16,56]},{"t":5,"px":[24,56]},{"t":5,"px":[32,56]},{"t":5,"px":[40,56]},{"t":5,"px":[48,56]},{"t":5,"px":[56,56]},{"t":5,"px":[64,56]},{"t":5,"px":[72,56]},{"t":5,"px":[80,56]},{"t":5,"px":[88,56]},{"t":5,"px":[96,56]},{"t":5,"px":[104,56]},{"t":5,"px":[112,56]},{"t":6,"px":[120,56]},{"t":6,"px":[0,64]},{"t":5,"px":[8,64]},{"t":5,"px":[16,64]},{"t":5,"px":[24,64]},{"t":5,"px":[32,64]},{"t":5,"px":[40,64]},{"t":5,"px":[48,64]},{"t":5,"px":[56,64]},{"t":5,"px":[64,64]},{"t":5,"px":[72,64]},{"t":5,"px":[80,64]},{"t":5,"px":[88,64]},{"t":5,"px":[96,64]},{"t":5,"px":[104,64]},{"t":5,"px":[112,64]},{"t":6,"px":[120,64]},{"t":10,"px":[0,72]},{"t":5,"px":[8,72]},{"t":5,"px":[16,72]},{"t":5,"px":[24,72]},{"t":5,"px":[32,72]},{"t":5,"px":[40,72]},{"t":5,"px":[48,72]},{"t":5,"px":[56,72]},{"t":5,"px":[64,72]},{"t":5,"px":[72,72]},{"t":5,"px":[80,72]},{"t":5,"px":[88,72]},{"t":5,"px":[96,72]},{"t":5,"px":[104,72]},{"t":5,"px":[112,72]},{"t":10,"px":[120,72]},{"t":6,"px":[0,80]},{"t":5,"px":[8,80]},{"t":5,"px":[16,80]},{"t":5,"px":[24,80]},{"t":5,"px":[32,80]},{"t":5,"px":[40,80]},{"t":5,"px":[48,80]},{"t":5,"px":[56,80]},{"t":5,"px":[64,80]},{"t":5,"px":[72,80]},{"t":5,"px":[80,80]},{"t":5,"px":[88,80]},{"t":5,"px":[96,80]},{"t":5,"px":[104,80]},{"t":5,"px":[112,80]},{"t":6,"px":[120,80]},{"t":6,"px":[0,88]},{"t":5,"px":[8,88]},{"t":5,"px":[16,88]},{"t":5,"px":[24,88]},{"t":5,"px":[32,88]},{"t":5,"px":[40,88]},{"t":5,"px":[48,88]},{"t":5,"px":[56,88]},{"t":5,"px":[64,88]},{"t":5,"px":[72,88]},{"t":5,"px":[80,88]},{"t":5,"px":[88,88]},{"t":5,"px":[96,88]},{"t":5,"px":[104,88]},{"t":5,"px":[112,88]},{"t":6,"px":[120,88]},{"t":6,"px":[0,96]},{"t":5,"px":[8,96]},{"t":5,"px":[16,96]},{"t":5,"px":[24,96]},{"t":5,"px":[32,96]},{"t":5,"px":[40,96]},{"t":5,"px":[48,96]},{"t":5,"px":[56,96]},{"t":5,"px":[64,96]},{"t":5,"px":[72,96]},{"t":5,"px":[80,96]},{"t":5,"px":[88,96]},{"t":5,"px":[96,96]},{"t":5,"px":[104,96]},{"t":5,"px":[112,96]},{"t":6,"px":[120,96]},{"t":6,"px":[0,104]},{"t":6,"px":[8,104]},{"t":6,"px":[16,104]},{"t":6,"px":[24,104]},{"t":10,"px":[32,104]},{"t":6,"px":[40,104]},{"t":10,"px":[48,104]},{"t":6,"px":[56,104]},{"t":6,"px":[64,104]},{"t":10,"px":[72,104]},{"t":6,"px":[80,104]},{"t":10,"px":[88,104]},{"t":6,"px":[96,104]},{"t":6,"px":[104,104]},{"t":6,"px":[112,104]},{"t":6,"px":[120,104]}],"entityInstances":[]}]},{"identifier":"room_blueprint_1","layerInstances":[{"__identifier":"layer_lights_and_walls","gridTiles":[],"entityInstances":[{"__identifier":"light_position","__grid":[13,1],"px":[104,8],"width":16,"height":16},{"__identifier":"light_position","__grid":[13,11],"px":[104,88],"width":16,"height":16},{"__identifier":"light_position","__grid":[1,11],"px":[8,88],"width":16,"height":16},{"__identifier":"walls","__grid":[0,0],"px":[0,0],"width":8,"height":48},{"__identifier":"walls","__grid":[1,0],"px":[8,0],"width":56,"height":8},{"__identifier":"walls","__grid":[12,0],"px":[96,0],"width":32,"height":8},{"__identifier":"walls","__grid":[15,1],"px":[120,8],"width":8,"height":48},{"__identifier":"walls","__grid":[0,10],"px":[0,80],"width":8,"height":32},{"__identifier":"walls","__grid":[1,13],"px":[8,104],"width":48,"height":8},{"__identifier":"walls","__grid":[12,13],"px":[96,104],"width":32,"height":8},{"__identifier":"walls","__grid":[15,10],"px":[120,80],"width":8,"height":24},{"__identifier":"light_position","__grid":[1,1],"px":[8,8],"width":16,"height":16},{"__identifier":"light_position","__grid":[12,3],"px":[96,24],"width":16,"height":16},{"__identifier":"light_position","__grid":[2,9],"px":[16,72],"width":16,"height":16},{"__identifier":"light_position","__grid":[2,3],"px":[16,24],"width":16,"height":16},{"__identifier":"light_position","__grid":[12,9],"px":[96,72],"width":16,"height":16},{"__identifier":"light_position","__grid":[10,11],"px":[80,88],"width":16,"height":16},{"__identifier":"light_position","__grid":[4,11],"px":[32,88],"width":16,"height":16},{"__identifier":"light_position","__grid":[4,1],"px":[32,8],"width":16,"height":16},{"__identifier":"light_position","__grid":[10,1],"px":[80,8],"width":16,"height":16},{"__identifier":"walls","__grid":[9,0],"px":[72,0],"width":24,"height":8},{"__identifier":"walls","__grid":[0,7],"px":[0,56],"width":8,"height":24},{"__identifier":"walls","__grid":[8,13],"px":[64,104],"width":32,"height":8},{"__identifier":"walls","__grid":[15,8],"px":[120,64],"width":8,"height":16},{"__identifier":"walls","__grid":[4,3],"px":[32,24],"width":16,"height":8},{"__identifier":"walls","__grid":[10,3],"px":[80,24],"width":16,"height":8},{"__identifier":"walls","__grid":[4,4],"px":[32,32],"width":8,"height":8},{"__identifier":"walls","__grid":[4,9],"px":[32,72],"width":8,"height":16},{"__identifier":"walls","__grid":[10,10],"px":[80,80],"width":16,"height":8},{"__identifier":"walls","__grid":[11,4],"px":[88,32],"width":8,"height":8},{"__identifier":"walls","__grid":[5,10],"px":[40,80],"width":8,"height":8},{"__identifier":"walls","__grid":[11,9],"px":[88,72],"width":8,"height":8}]},{"__identifier":"layer_tiles","gridTiles":[{"t":6,"px":[0,0]},{"t":6,"px":[8,0]},{"t":6,"px":[16,0]},{"t":6,"px":[24,0]},{"t":6,"px":[32,0]},{"t":6,"px":[40,0]},{"t":6,"px":[48,0]},{"t":6,"px":[56,0]},{"t":10,"px":[64,0]},{"t":6,"px":[72,0]},{"t":6,"px":[80,0]},{"t":6,"px":[88,0]},{"t":6,"px":[96,0]},{"t":6,"px":[104,0]},{"t":6,"px":[112,0]},{"t":6,"px":[120,0]},{"t":6,"px":[0,8]},{"t":5,"px":[8,8]},{"t":5,"px":[16,8]},{"t":5,"px":[24,8]},{"t":5,"px":[32,8]},{"t":5,"px":[40,8]},{"t":5,"px":[48,8]},{"t":5,"px":[56,8]},{"t":5,"px":[64,8]},{"t":5,"px":[72,8]},{"t":5,"px":[80,8]},{"t":5,"px":[88,8]},{"t":5,"px":[96,8]},{"t":5,"px":[104,8]},{"t":5,"px":[112,8]},{"t":6,"px":[120,8]},{"t":6,"px":[0,16]},{"t":5,"px":[8,16]},{"t":5,"px":[16,16]},{"t":5,"px":[24,16]},{"t":5,"px":[32,16]},{"t":5,"px":[40,16]},{"t":5,"px":[48,16]},{"t":5,"px":[56,16]},{"t":5,"px":[64,16]},{"t":5,"px":[72,16]},{"t":5,"px":[80,16]},{"t":5,"px":[88,16]},{"t":5,"px":[96,16]},{"t":5,"px":[104,16]},{"t":5,"px":[112,16]},{"t":6,"px":[120,16]},{"t":6,"px":[0,24]},{"t":5,"px":[8,24]},{"t":5,"px":[16,24]},{"t":5,"px":[24,24]},{"t":6,"px":[32,24]},{"t":6,"px":[40,24]},{"t":5,"px":[48,24]},{"t":5,"px":[56,24]},{"t":5,"px":[64,24]},{"t":5,"px":[72,24]},{"t":6,"px":[80,24]},{"t":6,"px":[88,24]},{"t":5,"px":[96,24]},{"t":5,"px":[104,24]},{"t":5,"px":[112,24]},{"t":6,"px":[120,24]},{"t":6,"px":[0,32]},{"t":5,"px":[8,32]},{"t":5,"px":[16,32]},{"t":5,"px":[24,32]},{"t":6,"px":[32,32]},{"t":5,"px":[40,32]},{"t":5,"px":[48,32]},{"t":5,"px":[56,32]},{"t":5,"px":[64,32]},{"t":5,"px":[72,32]},{"t":5,"px":[80,32]},{"t":6,"px":[88,32]},{"t":5,"px":[96,32]},{"t":5,"px":[104,32]},{"t":5,"px":[112,32]},{"t":6,"px":[120,32]},{"t":6,"px":[0,40]},{"t":5,"px":[8,40]},{"t":5,"px":[16,40]},{"t":5,"px":[24,40]},{"t":5,"px":[32,40]},{"t":5,"px":[40,40]},{"t":5,"px":[48,40]},{"t":5,"px":[56,40]},{"t":5,"px":[64,40]},{"t":5,"px":[72,40]},{"t":5,"px":[80,40]},{"t":5,"px":[88,40]},{"t":5,"px":[96,40]},{"t":5,"px":[104,40]},{"t":5,"px":[112,40]},{"t":6,"px":[120,40]},{"t":10,"px":[0,48]},{"t":5,"px":[8,48]},{"t":5,"px":[16,48]},{"t":5,"px":[24,48]},{"t":5,"px":[32,48]},{"t":5,"px":[40,48]},{"t":5,"px":[48,48]},{"t":5,"px":[56,48]},{"t":5,"px":[64,48]},{"t":5,"px":[72,48]},{"t":5,"px":[80,48]},{"t":5,"px":[88,48]},{"t":5,"px":[96,48]},{"t":5,"px":[104,48]},{"t":5,"px":[112,48]},{"t":6,"px":[120,48]},{"t":6,"px":[0,56]},{"t":5,"px":[8,56]},{"t":5,"px":[16,56]},{"t":5,"px":[24,56]},{"t":5,"px":[32,56]},{"t":5,"px":[40,56]},{"t":5,"px":[48,56]},{"t":5,"px":[56,56]},{"t":5,"px":[64,56]},{"t":5,"px":[72,56]},{"t":5,"px":[80,56]},{"t":5,"px":[88,56]},{"t":5,"px":[96,56]},{"t":5,"px":[104,56]},{"t":5,"px":[112,56]},{"t":10,"px":[120,56]},{"t":6,"px":[0,64]},{"t":5,"px":[8,64]},{"t":5,"px":[16,64]},{"t":5,"px":[24,64]},{"t":5,"px":[32,64]},{"t":5,"px":[40,64]},{"t":5,"px":[48,64]},{"t":5,"px":[56,64]},{"t":5,"px":[64,64]},{"t":5,"px":[72,64]},{"t":5,"px":[80,64]},{"t":5,"px":[88,64]},{"t":5,"px":[96,64]},{"t":5,"px":[104,64]},{"t":5,"px":[112,64]},{"t":6,"px":[120,64]},{"t":6,"px":[0,72]},{"t":5,"px":[8,72]},{"t":5,"px":[16,72]},{"t":5,"px":[24,72]},{"t":6,"px":[32,72]},{"t":5,"px":[40,72]},{"t":5,"px":[48,72]},{"t":5,"px":[56,72]},{"t":5,"px":[64,72]},{"t":5,"px":[72,72]},{"t":5,"px":[80,72]},{"t":6,"px":[88,72]},{"t":5,"px":[96,72]},{"t":5,"px":[104,72]},{"t":5,"px":[112,72]},{"t":6,"px":[120,72]},{"t":6,"px":[0,80]},{"t":5,"px":[8,80]},{"t":5,"px":[16,80]},{"t":5,"px":[24,80]},{"t":6,"px":[32,80]},{"t":6,"px":[40,80]},{"t":5,"px":[48,80]},{"t":5,"px":[56,80]},{"t":5,"px":[64,80]},{"t":5,"px":[72,80]},{"t":6,"px":[80,80]},{"t":6,"px":[88,80]},{"t":5,"px":[96,80]},{"t":5,"px":[104,80]},{"t":5,"px":[112,80]},{"t":6,"px":[120,80]},{"t":6,"px":[0,88]},{"t":5,"px":[8,88]},{"t":5,"px":[16,88]},{"t":5,"px":[24,88]},{"t":5,"px":[32,88]},{"t":5,"px":[40,88]},{"t":5,"px":[48,88]},{"t":5,"px":[56,88]},{"t":5,"px":[64,88]},{"t":5,"px":[72,88]},{"t":5,"px":[80,88]},{"t":5,"px":[88,88]},{"t":5,"px":[96,88]},{"t":5,"px":[104,88]},{"t":5,"px":[112,88]},{"t":6,"px":[120,88]},{"t":6,"px":[0,96]},{"t":5,"px":[8,96]},{"t":5,"px":[16,96]},{"t":5,"px":[24,96]},{"t":5,"px":[32,96]},{"t":5,"px":[40,96]},{"t":5,"px":[48,96]},{"t":5,"px":[56,96]},{"t":5,"px":[64,96]},{"t":5,"px":[72,96]},{"t":5,"px":[80,96]},{"t":5,"px":[88,96]},{"t":5,"px":[96,96]},{"t":5,"px":[104,96]},{"t":5,"px":[112,96]},{"t":6,"px":[120,96]},{"t":6,"px":[0,104]},{"t":6,"px":[8,104]},{"t":6,"px":[16,104]},{"t":6,"px":[24,104]},{"t":6,"px":[32,104]},{"t":6,"px":[40,104]},{"t":6,"px":[48,104]},{"t":10,"px":[56,104]},{"t":6,"px":[64,104]},{"t":6,"px":[72,104]},{"t":6,"px":[80,104]},{"t":6,"px":[88,104]},{"t":6,"px":[96,104]},{"t":6,"px":[104,104]},{"t":6,"px":[112,104]},{"t":6,"px":[120,104]}],"entityInstances":[]}]},{"identifier":"room_blueprint_2","layerInstances":[{"__identifier":"layer_lights_and_walls","gridTiles":[],"entityInstances":[{"__identifier":"light_position","__grid":[13,1],"px":[104,8],"width":16,"height":16},{"__identifier":"light_position","__grid":[13,11],"px":[104,88],"width":16,"height":16},{"__identifier":"light_position","__grid":[1,11],"px":[8,88],"width":16,"height":16},{"__identifier":"walls","__grid":[0,0],"px":[0,0],"width":8,"height":32},{"__identifier":"walls","__grid":[1,0],"px":[8,0],"width":88,"height":8},{"__identifier":"walls","__grid":[12,0],"px":[96,0],"width":32,"height":8},{"__identifier":"walls","__grid":[15,1],"px":[120,8],"width":8,"height":24},{"__identifier":"walls","__grid":[0,10],"px":[0,80],"width":8,"height":32},{"__identifier":"walls","__grid":[1,13],"px":[8,104],"width":88,"height":8},{"__identifier":"walls","__grid":[12,13],"px":[96,104],"width":32,"height":8},{"__identifier":"walls","__grid":[15,10],"px":[120,80],"width":8,"height":24},{"__identifier":"light_position","__grid":[1,1],"px":[8,8],"width":16,"height":16},{"__identifier":"light_position","__grid":[10,9],"px":[80,72],"width":16,"height":16},{"__identifier":"light_position","__grid":[3,3],"px":[24,24],"width":16,"height":16},{"__identifier":"light_position","__grid":[5,1],"px":[40,8],"width":16,"height":16},{"__identifier":"light_position","__grid":[8,11],"px":[64,88],"width":16,"height":16},{"__identifier":"light_position","__grid":[2,5],"px":[16,40],"width":16,"height":16},{"__identifier":"light_position","__grid":[11,7],"px":[88,56],"width":16,"height":16},{"__identifier":"walls","__grid":[15,5],"px":[120,40],"width":8,"height":32},{"__identifier":"walls","__grid":[0,5],"px":[0,40],"width":8,"height":32},{"__identifier":"walls","__grid":[6,3],"px":[48,24],"width":8,"height":16},{"__identifier":"walls","__grid":[4,5],"px":[32,40],"width":8,"height":16},{"__identifier":"walls","__grid":[8,9],"px":[64,72],"width":8,"height":16},{"__identifier":"walls","__grid":[5,4],"px":[40,32],"width":8,"height":16},{"__identifier":"walls","__grid":[10,7],"px":[80,56],"width":8,"height":16},{"__identifier":"walls","__grid":[9,8],"px":[72,64],"width":8,"height":16}]},{"__identifier":"layer_tiles","gridTiles":[{"t":6,"px":[0,0]},{"t":6,"px":[8,0]},{"t":6,"px":[16,0]},{"t":6,"px":[24,0]},{"t":6,"px":[32,0]},{"t":6,"px":[40,0]},{"t":6,"px":[48,0]},{"t":6,"px":[56,0]},{"t":6,"px":[64,0]},{"t":6,"px":[72,0]},{"t":6,"px":[80,0]},{"t":6,"px":[88,0]},{"t":6,"px":[96,0]},{"t":6,"px":[104,0]},{"t":6,"px":[112,0]},{"t":6,"px":[120,0]},{"t":6,"px":[0,8]},{"t":5,"px":[8,8]},{"t":5,"px":[16,8]},{"t":5,"px":[24,8]},{"t":5,"px":[32,8]},{"t":5,"px":[40,8]},{"t":5,"px":[48,8]},{"t":5,"px":[56,8]},{"t":5,"px":[64,8]},{"t":5,"px":[72,8]},{"t":5,"px":[80,8]},{"t":5,"px":[88,8]},{"t":5,"px":[96,8]},{"t":5,"px":[104,8]},{"t":5,"px":[112,8]},{"t":6,"px":[120,8]},{"t":6,"px":[0,16]},{"t":5,"px":[8,16]},{"t":5,"px":[16,16]},{"t":5,"px":[24,16]},{"t":5,"px":[32,16]},{"t":5,"px":[40,16]},{"t":5,"px":[48,16]},{"t":5,"px":[56,16]},{"t":5,"px":[64,16]},{"t":5,"px":[72,16]},{"t":5,"px":[80,16]},{"t":5,"px":[88,16]},{"t":5,"px":[96,16]},{"t":5,"px":[104,16]},{"t":5,"px":[112,16]},{"t":6,"px":[120,16]},{"t":6,"px":[0,24]},{"t":5,"px":[8,24]},{"t":5,"px":[16,24]},{"t":5,"px":[24,24]},{"t":5,"px":[32,24]},{"t":5,"px":[40,24]},{"t":6,"px":[48,24]},{"t":5,"px":[56,24]},{"t":5,"px":[64,24]},{"t":5,"px":[72,24]},{"t":5,"px":[80,24]},{"t":5,"px":[88,24]},{"t":5,"px":[96,24]},{"t":5,"px":[104,24]},{"t":5,"px":[112,24]},{"t":6,"px":[120,24]},{"t":10,"px":[0,32]},{"t":5,"px":[8,32]},{"t":5,"px":[16,32]},{"t":5,"px":[24,32]},{"t":5,"px":[32,32]},{"t":6,"px":[40,32]},{"t":6,"px":[48,32]},{"t":5,"px":[56,32]},{"t":5,"px":[64,32]},{"t":5,"px":[72,32]},{"t":5,"px":[80,32]},{"t":5,"px":[88,32]},{"t":5,"px":[96,32]},{"t":5,"px":[104,32]},{"t":5,"px":[112,32]},{"t":10,"px":[120,32]},{"t":6,"px":[0,40]},{"t":5,"px":[8,40]},{"t":5,"px":[16,40]},{"t":5,"px":[24,40]},{"t":6,"px":[32,40]},{"t":6,"px":[40,40]},{"t":5,"px":[48,40]},{"t":5,"px":[56,40]},{"t":5,"px":[64,40]},{"t":5,"px":[72,40]},{"t":5,"px":[80,40]},{"t":5,"px":[88,40]},{"t":5,"px":[96,40]},{"t":5,"px":[104,40]},{"t":5,"px":[112,40]},{"t":6,"px":[120,40]},{"t":6,"px":[0,48]},{"t":5,"px":[8,48]},{"t":5,"px":[16,48]},{"t":5,"px":[24,48]},{"t":6,"px":[32,48]},{"t":5,"px":[40,48]},{"t":5,"px":[48,48]},{"t":5,"px":[56,48]},{"t":5,"px":[64,48]},{"t":5,"px":[72,48]},{"t":5,"px":[80,48]},{"t":5,"px":[88,48]},{"t":5,"px":[96,48]},{"t":5,"px":[104,48]},{"t":5,"px":[112,48]},{"t":6,"px":[120,48]},{"t":6,"px":[0,56]},{"t":5,"px":[8,56]},{"t":5,"px":[16,56]},{"t":5,"px":[24,56]},{"t":5,"px":[32,56]},{"t":5,"px":[40,56]},{"t":5,"px":[48,56]},{"t":5,"px":[56,56]},{"t":5,"px":[64,56]},{"t":5,"px":[72,56]},{"t":6,"px":[80,56]},{"t":5,"px":[88,56]},{"t":5,"px":[96,56]},{"t":5,"px":[104,56]},{"t":5,"px":[112,56]},{"t":6,"px":[120,56]},{"t":6,"px":[0,64]},{"t":5,"px":[8,64]},{"t":5,"px":[16,64]},{"t":5,"px":[24,64]},{"t":5,"px":[32,64]},{"t":5,"px":[40,64]},{"t":5,"px":[48,64]},{"t":5,"px":[56,64]},{"t":5,"px":[64,64]},{"t":6,"px":[72,64]},{"t":6,"px":[80,64]},{"t":5,"px":[88,64]},{"t":5,"px":[96,64]},{"t":5,"px":[104,64]},{"t":5,"px":[112,64]},{"t":6,"px":[120,64]},{"t":10,"px":[0,72]},{"t":5,"px":[8,72]},{"t":5,"px":[16,72]},{"t":5,"px":[24,72]},{"t":5,"px":[32,72]},{"t":5,"px":[40,72]},{"t":5,"px":[48,72]},{"t":5,"px":[56,72]},{"t":6,"px":[64,72]},{"t":6,"px":[72,72]},{"t":5,"px":[80,72]},{"t":5,"px":[88,72]},{"t":5,"px":[96,72]},{"t":5,"px":[104,72]},{"t":5,"px":[112,72]},{"t":10,"px":[120,72]},{"t":6,"px":[0,80]},{"t":5,"px":[8,80]},{"t":5,"px":[16,80]},{"t":5,"px":[24,80]},{"t":5,"px":[32,80]},{"t":5,"px":[40,80]},{"t":5,"px":[48,80]},{"t":5,"px":[56,80]},{"t":6,"px":[64,80]},{"t":5,"px":[72,80]},{"t":5,"px":[80,80]},{"t":5,"px":[88,80]},{"t":5,"px":[96,80]},{"t":5,"px":[104,80]},{"t":5,"px":[112,80]},{"t":6,"px":[120,80]},{"t":6,"px":[0,88]},{"t":5,"px":[8,88]},{"t":5,"px":[16,88]},{"t":5,"px":[24,88]},{"t":5,"px":[32,88]},{"t":5,"px":[40,88]},{"t":5,"px":[48,88]},{"t":5,"px":[56,88]},{"t":5,"px":[64,88]},{"t":5,"px":[72,88]},{"t":5,"px":[80,88]},{"t":5,"px":[88,88]},{"t":5,"px":[96,88]},{"t":5,"px":[104,88]},{"t":5,"px":[112,88]},{"t":6,"px":[120,88]},{"t":6,"px":[0,96]},{"t":5,"px":[8,96]},{"t":5,"px":[16,96]},{"t":5,"px":[24,96]},{"t":5,"px":[32,96]},{"t":5,"px":[40,96]},{"t":5,"px":[48,96]},{"t":5,"px":[56,96]},{"t":5,"px":[64,96]},{"t":5,"px":[72,96]},{"t":5,"px":[80,96]},{"t":5,"px":[88,96]},{"t":5,"px":[96,96]},{"t":5,"px":[104,96]},{"t":5,"px":[112,96]},{"t":6,"px":[120,96]},{"t":6,"px":[0,104]},{"t":6,"px":[8,104]},{"t":6,"px":[16,104]},{"t":6,"px":[24,104]},{"t":6,"px":[32,104]},{"t":6,"px":[40,104]},{"t":6,"px":[48,104]},{"t":6,"px":[56,104]},{"t":6,"px":[64,104]},{"t":6,"px":[72,104]},{"t":6,"px":[80,104]},{"t":6,"px":[88,104]},{"t":6,"px":[96,104]},{"t":6,"px":[104,104]},{"t":6,"px":[112,104]},{"t":6,"px":[120,104]}],"entityInstances":[]}]},{"identifier":"room_blueprint_3","layerInstances":[{"__identifier":"layer_lights_and_walls","gridTiles":[],"entityInstances":[{"__identifier":"light_position","__grid":[13,1],"px":[104,8],"width":16,"height":16},{"__identifier":"light_position","__grid":[13,11],"px":[104,88],"width":16,"height":16},{"__identifier":"light_position","__grid":[1,11],"px":[8,88],"width":16,"height":16},{"__identifier":"walls","__grid":[0,0],"px":[0,0],"width":8,"height":80},{"__identifier":"walls","__grid":[1,0],"px":[8,0],"width":40,"height":8},{"__identifier":"walls","__grid":[10,0],"px":[80,0],"width":48,"height":8},{"__identifier":"walls","__grid":[15,1],"px":[120,8],"width":8,"height":72},{"__identifier":"walls","__grid":[0,10],"px":[0,80],"width":8,"height":32},{"__identifier":"walls","__grid":[1,13],"px":[8,104],"width":40,"height":8},{"__identifier":"walls","__grid":[10,13],"px":[80,104],"width":48,"height":8},{"__identifier":"walls","__grid":[15,10],"px":[120,80],"width":8,"height":24},{"__identifier":"light_position","__grid":[1,1],"px":[8,8],"width":16,"height":16},{"__identifier":"light_position","__grid":[3,6],"px":[24,48],"width":16,"height":16},{"__identifier":"light_position","__grid":[11,6],"px":[88,48],"width":16,"height":16},{"__identifier":"light_position","__grid":[1,6],"px":[8,48],"width":16,"height":16},{"__identifier":"light_position","__grid":[13,6],"px":[104,48],"width":16,"height":16},{"__identifier":"walls","__grid":[5,6],"px":[40,48],"width":8,"height":16},{"__identifier":"walls","__grid":[10,6],"px":[80,48],"width":8,"height":16},{"__identifier":"walls","__grid":[11,3],"px":[88,24],"width":16,"height":8},{"__identifier":"walls","__grid":[11,10],"px":[88,80],"width":16,"height":8},{"__identifier":"walls","__grid":[3,10],"px":[24,80],"width":16,"height":8},{"__identifier":"walls","__grid":[3,3],"px":[24,24],"width":16,"height":8},{"__identifier":"walls","__grid":[7,13],"px":[56,104],"width":16,"height":8},{"__identifier":"walls","__grid":[7,0],"px":[56,0],"width":16,"height":8}]},{"__identifier":"layer_tiles","gridTiles":[{"t":6,"px":[0,0]},{"t":6,"px":[8,0]},{"t":6,"px":[16,0]},{"t":6,"px":[24,0]},{"t":6,"px":[32,0]},{"t":6,"px":[40,0]},{"t":10,"px":[48,0]},{"t":6,"px":[56,0]},{"t":6,"px":[64,0]},{"t":10,"px":[72,0]},{"t":6,"px":[80,0]},{"t":6,"px":[88,0]},{"t":6,"px":[96,0]},{"t":6,"px":[104,0]},{"t":6,"px":[112,0]},{"t":6,"px":[120,0]},{"t":6,"px":[0,8]},{"t":5,"px":[8,8]},{"t":5,"px":[16,8]},{"t":5,"px":[24,8]},{"t":5,"px":[32,8]},{"t":5,"px":[40,8]},{"t":5,"px":[48,8]},{"t":5,"px":[56,8]},{"t":5,"px":[64,8]},{"t":5,"px":[72,8]},{"t":5,"px":[80,8]},{"t":5,"px":[88,8]},{"t":5,"px":[96,8]},{"t":5,"px":[104,8]},{"t":5,"px":[112,8]},{"t":6,"px":[120,8]},{"t":6,"px":[0,16]},{"t":5,"px":[8,16]},{"t":5,"px":[16,16]},{"t":5,"px":[24,16]},{"t":5,"px":[32,16]},{"t":5,"px":[40,16]},{"t":5,"px":[48,16]},{"t":5,"px":[56,16]},{"t":5,"px":[64,16]},{"t":5,"px":[72,16]},{"t":5,"px":[80,16]},{"t":5,"px":[88,16]},{"t":5,"px":[96,16]},{"t":5,"px":[104,16]},{"t":5,"px":[112,16]},{"t":6,"px":[120,16]},{"t":6,"px":[0,24]},{"t":5,"px":[8,24]},{"t":5,"px":[16,24]},{"t":6,"px":[24,24]},{"t":6,"px":[32,24]},{"t":5,"px":[40,24]},{"t":5,"px":[48,24]},{"t":5,"px":[56,24]},{"t":5,"px":[64,24]},{"t":5,"px":[72,24]},{"t":5,"px":[80,24]},{"t":6,"px":[88,24]},{"t":6,"px":[96,24]},{"t":5,"px":[104,24]},{"t":5,"px":[112,24]},{"t":6,"px":[120,24]},{"t":6,"px":[0,32]},{"t":5,"px":[8,32]},{"t":5,"px":[16,32]},{"t":5,"px":[24,32]},{"t":5,"px":[32,32]},{"t":5,"px":[40,32]},{"t":5,"px":[48,32]},{"t":5,"px":[56,32]},{"t":5,"px":[64,32]},{"t":5,"px":[72,32]},{"t":5,"px":[80,32]},{"t":5,"px":[88,32]},{"t":5,"px":[96,32]},{"t":5,"px":[104,32]},{"t":5,"px":[112,32]},{"t":6,"px":[120,32]},{"t":6,"px":[0,40]},{"t":5,"px":[8,40]},{"t":5,"px":[16,40]},{"t":5,"px":[24,40]},{"t":5,"px":[32,40]},{"t":5,"px":[40,40]},{"t":5,"px":[48,40]},{"t":5,"px":[56,40]},{"t":5,"px":[64,40]},{"t":5,"px":[72,40]},{"t":5,"px":[80,40]},{"t":5,"px":[88,40]},{"t":5,"px":[96,40]},{"t":5,"px":[104,40]},{"t":5,"px":[112,40]},{"t":6,"px":[120,40]},{"t":6,"px":[0,48]},{"t":5,"px":[8,48]},{"t":5,"px":[16,48]},{"t":5,"px":[24,48]},{"t":5,"px":[32,48]},{"t":6,"px":[40,48]},{"t":5,"px":[48,48]},{"t":5,"px":[56,48]},{"t":5,"px":[64,48]},{"t":5,"px":[72,48]},{"t":6,"px":[80,48]},{"t":5,"px":[88,48]},{"t":5,"px":[96,48]},{"t":5,"px":[104,48]},{"t":5,"px":[112,48]},{"t":6,"px":[120,48]},{"t":6,"px":[0,56]},{"t":5,"px":[8,56]},{"t":5,"px":[16,56]},{"t":5,"px":[24,56]},{"t":5,"px":[32,56]},{"t":6,"px":[40,56]},{"t":5,"px":[48,56]},{"t":5,"px":[56,56]},{"t":5,"px":[64,56]},{"t":5,"px":[72,56]},{"t":6,"px":[80,56]},{"t":5,"px":[88,56]},{"t":5,"px":[96,56]},{"t":5,"px":[104,56]},{"t":5,"px":[112,56]},{"t":6,"px":[120,56]},{"t":6,"px":[0,64]},{"t":5,"px":[8,64]},{"t":5,"px":[16,64]},{"t":5,"px":[24,64]},{"t":5,"px":[32,64]},{"t":5,"px":[40,64]},{"t":5,"px":[48,64]},{"t":5,"px":[56,64]},{"t":5,"px":[64,64]},{"t":5,"px":[72,64]},{"t":5,"px":[80,64]},{"t":5,"px":[88,64]},{"t":5,"px":[96,64]},{"t":5,"px":[104,64]},{"t":5,"px":[112,64]},{"t":6,"px":[120,64]},{"t":6,"px":[0,72]},{"t":5,"px":[8,72]},{"t":5,"px":[16,72]},{"t":5,"px":[24,72]},{"t":5,"px":[32,72]},{"t":5,"px":[40,72]},{"t":5,"px":[48,72]},{"t":5,"px":[56,72]},{"t":5,"px":[64,72]},{"t":5,"px":[72,72]},{"t":5,"px":[80,72]},{"t":5,"px":[88,72]},{"t":5,"px":[96,72]},{"t":5,"px":[104,72]},{"t":5,"px":[112,72]},{"t":6,"px":[120,72]},{"t":6,"px":[0,80]},{"t":5,"px":[8,80]},{"t":5,"px":[16,80]},{"t":6,"px":[24,80]},{"t":6,"px":[32,80]},{"t":5,"px":[40,80]},{"t":5,"px":[48,80]},{"t":5,"px":[56,80]},{"t":5,"px":[64,80]},{"t":5,"px":[72,80]},{"t":5,"px":[80,80]},{"t":6,"px":[88,80]},{"t":6,"px":[96,80]},{"t":5,"px":[104,80]},{"t":5,"px":[112,80]},{"t":6,"px":[120,80]},{"t":6,"px":[0,88]},{"t":5,"px":[8,88]},{"t":5,"px":[16,88]},{"t":5,"px":[24,88]},{"t":5,"px":[32,88]},{"t":5,"px":[40,88]},{"t":5,"px":[48,88]},{"t":5,"px":[56,88]},{"t":5,"px":[64,88]},{"t":5,"px":[72,88]},{"t":5,"px":[80,88]},{"t":5,"px":[88,88]},{"t":5,"px":[96,88]},{"t":5,"px":[104,88]},{"t":5,"px":[112,88]},{"t":6,"px":[120,88]},{"t":6,"px":[0,96]},{"t":5,"px":[8,96]},{"t":5,"px":[16,96]},{"t":5,"px":[24,96]},{"t":5,"px":[32,96]},{"t":5,"px":[40,96]},{"t":5,"px":[48,96]},{"t":5,"px":[56,96]},{"t":5,"px":[64,96]},{"t":5,"px":[72,96]},{"t":5,"px":[80,96]},{"t":5,"px":[88,96]},{"t":5,"px":[96,96]},{"t":5,"px":[104,96]},{"t":5,"px":[112,96]},{"t":6,"px":[120,96]},{"t":6,"px":[0,104]},{"t":6,"px":[8,104]},{"t":6,"px":[16,104]},{"t":6,"px":[24,104]},{"t":6,"px":[32,104]},{"t":6,"px":[40,104]},{"t":10,"px":[48,104]},{"t":6,"px":[56,104]},{"t":6,"px":[64,104]},{"t":10,"px":[72,104]},{"t":6,"px":[80,104]},{"t":6,"px":[88,104]},{"t":6,"px":[96,104]},{"t":6,"px":[104,104]},{"t":6,"px":[112,104]},{"t":6,"px":[120,104]}],"entityInstances":[]}]},{"identifier":"room_blueprint_4","layerInstances":[{"__identifier":"layer_lights_and_walls","gridTiles":[],"entityInstances":[{"__identifier":"light_position","__grid":[13,1],"px":[104,8],"width":16,"height":16},{"__identifier":"light_position","__grid":[13,11],"px":[104,88],"width":16,"height":16},{"__identifier":"light_position","__grid":[1,11],"px":[8,88],"width":16,"height":16},{"__identifier":"walls","__grid":[11,0],"px":[88,0],"width":40,"height":8},{"__identifier":"walls","__grid":[15,1],"px":[120,8],"width":8,"height":32},{"__identifier":"walls","__grid":[0,8],"px":[0,64],"width":8,"height":48},{"__identifier":"walls","__grid":[1,13],"px":[8,104],"width":32,"height":8},{"__identifier":"walls","__grid":[11,13],"px":[88,104],"width":40,"height":8},{"__identifier":"walls","__grid":[15,10],"px":[120,80],"width":8,"height":24},{"__identifier":"light_position","__grid":[1,1],"px":[8,8],"width":16,"height":16},{"__identifier":"light_position","__grid":[3,3],"px":[24,24],"width":16,"height":16},{"__identifier":"light_position","__grid":[11,3],"px":[88,24],"width":16,"height":16},{"__identifier":"light_position","__grid":[11,9],"px":[88,72],"width":16,"height":16},{"__identifier":"light_position","__grid":[3,9],"px":[24,72],"width":16,"height":16},{"__identifier":"walls","__grid":[15,5],"px":[120,40],"width":8,"height":40},{"__identifier":"walls","__grid":[0,0],"px":[0,0],"width":40,"height":8},{"__identifier":"walls","__grid":[6,0],"px":[48,0],"width":32,"height":8},{"__identifier":"walls","__grid":[6,13],"px":[48,104],"width":32,"height":8},{"__identifier":"walls","__grid":[7,10],"px":[56,80],"width":16,"height":24},{"__identifier":"walls","__grid":[0,6],"px":[0,48],"width":40,"height":16},{"__identifier":"walls","__grid":[11,6],"px":[88,48],"width":32,"height":16},{"__identifier":"walls","__grid":[0,1],"px":[0,8],"width":8,"height":40},{"__identifier":"walls","__grid":[7,1],"px":[56,8],"width":16,"height":24}]},{"__identifier":"layer_tiles","gridTiles":[{"t":6,"px":[0,0]},{"t":6,"px":[8,0]},{"t":6,"px":[16,0]},{"t":6,"px":[24,0]},{"t":6,"px":[32,0]},{"t":10,"px":[40,0]},{"t":6,"px":[48,0]},{"t":6,"px":[56,0]},{"t":6,"px":[64,0]},{"t":6,"px":[72,0]},{"t":10,"px":[80,0]},{"t":6,"px":[88,0]},{"t":6,"px":[96,0]},{"t":6,"px":[104,0]},{"t":6,"px":[112,0]},{"t":6,"px":[120,0]},{"t":6,"px":[0,8]},{"t":5,"px":[8,8]},{"t":5,"px":[16,8]},{"t":5,"px":[24,8]},{"t":5,"px":[32,8]},{"t":5,"px":[40,8]},{"t":5,"px":[48,8]},{"t":6,"px":[56,8]},{"t":6,"px":[64,8]},{"t":5,"px":[72,8]},{"t":5,"px":[80,8]},{"t":5,"px":[88,8]},{"t":5,"px":[96,8]},{"t":5,"px":[104,8]},{"t":5,"px":[112,8]},{"t":6,"px":[120,8]},{"t":6,"px":[0,16]},{"t":5,"px":[8,16]},{"t":5,"px":[16,16]},{"t":5,"px":[24,16]},{"t":5,"px":[32,16]},{"t":5,"px":[40,16]},{"t":5,"px":[48,16]},{"t":6,"px":[56,16]},{"t":6,"px":[64,16]},{"t":5,"px":[72,16]},{"t":5,"px":[80,16]},{"t":5,"px":[88,16]},{"t":5,"px":[96,16]},{"t":5,"px":[104,16]},{"t":5,"px":[112,16]},{"t":6,"px":[120,16]},{"t":6,"px":[0,24]},{"t":5,"px":[8,24]},{"t":5,"px":[16,24]},{"t":5,"px":[24,24]},{"t":5,"px":[32,24]},{"t":5,"px":[40,24]},{"t":5,"px":[48,24]},{"t":6,"px":[56,24]},{"t":6,"px":[64,24]},{"t":5,"px":[72,24]},{"t":5,"px":[80,24]},{"t":5,"px":[88,24]},{"t":5,"px":[96,24]},{"t":5,"px":[104,24]},{"t":5,"px":[112,24]},{"t":6,"px":[120,24]},{"t":6,"px":[0,32]},{"t":5,"px":[8,32]},{"t":5,"px":[16,32]},{"t":5,"px":[24,32]},{"t":5,"px":[32,32]},{"t":5,"px":[40,32]},{"t":5,"px":[48,32]},{"t":5,"px":[56,32]},{"t":5,"px":[64,32]},{"t":5,"px":[72,32]},{"t":5,"px":[80,32]},{"t":5,"px":[88,32]},{"t":5,"px":[96,32]},{"t":5,"px":[104,32]},{"t":5,"px":[112,32]},{"t":6,"px":[120,32]},{"t":6,"px":[0,40]},{"t":5,"px":[8,40]},{"t":5,"px":[16,40]},{"t":5,"px":[24,40]},{"t":5,"px":[32,40]},{"t":5,"px":[40,40]},{"t":5,"px":[48,40]},{"t":5,"px":[56,40]},{"t":5,"px":[64,40]},{"t":5,"px":[72,40]},{"t":5,"px":[80,40]},{"t":5,"px":[88,40]},{"t":5,"px":[96,40]},{"t":5,"px":[104,40]},{"t":5,"px":[112,40]},{"t":6,"px":[120,40]},{"t":6,"px":[0,48]},{"t":6,"px":[8,48]},{"t":6,"px":[16,48]},{"t":6,"px":[24,48]},{"t":6,"px":[32,48]},{"t":5,"px":[40,48]},{"t":5,"px":[48,48]},{"t":5,"px":[56,48]},{"t":5,"px":[64,48]},{"t":5,"px":[72,48]},{"t":5,"px":[80,48]},{"t":6,"px":[88,48]},{"t":6,"px":[96,48]},{"t":6,"px":[104,48]},{"t":6,"px":[112,48]},{"t":6,"px":[120,48]},{"t":6,"px":[0,56]},{"t":6,"px":[8,56]},{"t":6,"px":[16,56]},{"t":6,"px":[24,56]},{"t":6,"px":[32,56]},{"t":5,"px":[40,56]},{"t":5,"px":[48,56]},{"t":5,"px":[56,56]},{"t":5,"px":[64,56]},{"t":5,"px":[72,56]},{"t":5,"px":[80,56]},{"t":6,"px":[88,56]},{"t":6,"px":[96,56]},{"t":6,"px":[104,56]},{"t":6,"px":[112,56]},{"t":6,"px":[120,56]},{"t":6,"px":[0,64]},{"t":5,"px":[8,64]},{"t":5,"px":[16,64]},{"t":5,"px":[24,64]},{"t":5,"px":[32,64]},{"t":5,"px":[40,64]},{"t":5,"px":[48,64]},{"t":5,"px":[56,64]},{"t":5,"px":[64,64]},{"t":5,"px":[72,64]},{"t":5,"px":[80,64]},{"t":5,"px":[88,64]},{"t":5,"px":[96,64]},{"t":5,"px":[104,64]},{"t":5,"px":[112,64]},{"t":6,"px":[120,64]},{"t":6,"px":[0,72]},{"t":5,"px":[8,72]},{"t":5,"px":[16,72]},{"t":5,"px":[24,72]},{"t":5,"px":[32,72]},{"t":5,"px":[40,72]},{"t":5,"px":[48,72]},{"t":5,"px":[56,72]},{"t":5,"px":[64,72]},{"t":5,"px":[72,72]},{"t":5,"px":[80,72]},{"t":5,"px":[88,72]},{"t":5,"px":[96,72]},{"t":5,"px":[104,72]},{"t":5,"px":[112,72]},{"t":6,"px":[120,72]},{"t":6,"px":[0,80]},{"t":5,"px":[8,80]},{"t":5,"px":[16,80]},{"t":5,"px":[24,80]},{"t":5,"px":[32,80]},{"t":5,"px":[40,80]},{"t":5,"px":[48,80]},{"t":6,"px":[56,80]},{"t":6,"px":[64,80]},{"t":5,"px":[72,80]},{"t":5,"px":[80,80]},{"t":5,"px":[88,80]},{"t":5,"px":[96,80]},{"t":5,"px":[104,80]},{"t":5,"px":[112,80]},{"t":6,"px":[120,80]},{"t":6,"px":[0,88]},{"t":5,"px":[8,88]},{"t":5,"px":[16,88]},{"t":5,"px":[24,88]},{"t":5,"px":[32,88]},{"t":5,"px":[40,88]},{"t":5,"px":[48,88]},{"t":6,"px":[56,88]},{"t":6,"px":[64,88]},{"t":5,"px":[72,88]},{"t":5,"px":[80,88]},{"t":5,"px":[88,88]},{"t":5,"px":[96,88]},{"t":5,"px":[104,88]},{"t":5,"px":[112,88]},{"t":6,"px":[120,88]},{"t":6,"px":[0,96]},{"t":5,"px":[8,96]},{"t":5,"px":[16,96]},{"t":5,"px":[24,96]},{"t":5,"px":[32,96]},{"t":5,"px":[40,96]},{"t":5,"px":[48,96]},{"t":6,"px":[56,96]},{"t":6,"px":[64,96]},{"t":5,"px":[72,96]},{"t":5,"px":[80,96]},{"t":5,"px":[88,96]},{"t":5,"px":[96,96]},{"t":5,"px":[104,96]},{"t":5,"px":[112,96]},{"t":6,"px":[120,96]},{"t":6,"px":[0,104]},{"t":6,"px":[8,104]},{"t":6,"px":[16,104]},{"t":6,"px":[24,104]},{"t":6,"px":[32,104]},{"t":10,"px":[40,104]},{"t":6,"px":[48,104]},{"t":6,"px":[56,104]},{"t":6,"px":[64,104]},{"t":6,"px":[72,104]},{"t":10,"px":[80,104]},{"t":6,"px":[88,104]},{"t":6,"px":[96,104]},{"t":6,"px":[104,104]},{"t":6,"px":[112,104]},{"t":6,"px":[120,104]}],"entityInstances":[]}]},{"identifier":"room_blueprint_5","layerInstances":[{"__identifier":"layer_lights_and_walls","gridTiles":[],"entityInstances":[{"__identifier":"light_position","__grid":[1,1],"px":[8,8],"width":16,"height":16},{"__identifier":"light_position","__grid":[13,11],"px":[104,88],"width":16,"height":16},{"__identifier":"light_position","__grid":[5,1],"px":[40,8],"width":16,"height":16},{"__identifier":"light_position","__grid":[1,5],"px":[8,40],"width":16,"height":16},{"__identifier":"light_position","__grid":[13,7],"px":[104,56],"width":16,"height":16},{"__identifier":"light_position","__grid":[9,11],"px":[72,88],"width":16,"height":16},{"__identifier":"walls","__grid":[3,3],"px":[24,24],"width":24,"height":8},{"__identifier":"walls","__grid":[12,8],"px":[96,64],"width":8,"height":24},{"__identifier":"walls","__grid":[10,10],"px":[80,80],"width":16,"height":8},{"__identifier":"walls","__grid":[3,4],"px":[24,32],"width":8,"height":16},{"__identifier":"walls","__grid":[0,0],"px":[0,0],"width":96,"height":8},{"__identifier":"walls","__grid":[13,0],"px":[104,0],"width":24,"height":8},{"__identifier":"walls","__grid":[15,1],"px":[120,8],"width":8,"height":16},{"__identifier":"walls","__grid":[15,4],"px":[120,32],"width":8,"height":80},{"__identifier":"walls","__grid":[4,13],"px":[32,104],"width":88,"height":8},{"__identifier":"walls","__grid":[0,13],"px":[0,104],"width":24,"height":8},{"__identifier":"walls","__grid":[0,11],"px":[0,88],"width":8,"height":16},{"__identifier":"walls","__grid":[0,1],"px":[0,8],"width":8,"height":72}]},{"__identifier":"layer_tiles","gridTiles":[{"t":6,"px":[0,0]},{"t":6,"px":[8,0]},{"t":6,"px":[16,0]},{"t":6,"px":[24,0]},{"t":6,"px":[32,0]},{"t":6,"px":[40,0]},{"t":6,"px":[48,0]},{"t":6,"px":[56,0]},{"t":6,"px":[64,0]},{"t":6,"px":[72,0]},{"t":6,"px":[80,0]},{"t":6,"px":[88,0]},{"t":10,"px":[96,0]},{"t":6,"px":[104,0]},{"t":6,"px":[112,0]},{"t":6,"px":[120,0]},{"t":6,"px":[0,8]},{"t":5,"px":[8,8]},{"t":5,"px":[16,8]},{"t":5,"px":[24,8]},{"t":5,"px":[32,8]},{"t":5,"px":[40,8]},{"t":5,"px":[48,8]},{"t":5,"px":[56,8]},{"t":5,"px":[64,8]},{"t":5,"px":[72,8]},{"t":5,"px":[80,8]},{"t":5,"px":[88,8]},{"t":5,"px":[96,8]},{"t":5,"px":[104,8]},{"t":5,"px":[112,8]},{"t":6,"px":[120,8]},{"t":6,"px":[0,16]},{"t":5,"px":[8,16]},{"t":5,"px":[16,16]},{"t":5,"px":[24,16]},{"t":5,"px":[32,16]},{"t":5,"px":[40,16]},{"t":5,"px":[48,16]},{"t":5,"px":[56,16]},{"t":5,"px":[64,16]},{"t":5,"px":[72,16]},{"t":5,"px":[80,16]},{"t":5,"px":[88,16]},{"t":5,"px":[96,16]},{"t":5,"px":[104,16]},{"t":5,"px":[112,16]},{"t":6,"px":[120,16]},{"t":6,"px":[0,24]},{"t":5,"px":[8,24]},{"t":5,"px":[16,24]},{"t":6,"px":[24,24]},{"t":6,"px":[32,24]},{"t":6,"px":[40,24]},{"t":5,"px":[48,24]},{"t":5,"px":[56,24]},{"t":5,"px":[64,24]},{"t":5,"px":[72,24]},{"t":5,"px":[80,24]},{"t":5,"px":[88,24]},{"t":5,"px":[96,24]},{"t":5,"px":[104,24]},{"t":5,"px":[112,24]},{"t":10,"px":[120,24]},{"t":6,"px":[0,32]},{"t":5,"px":[8,32]},{"t":5,"px":[16,32]},{"t":6,"px":[24,32]},{"t":5,"px":[32,32]},{"t":5,"px":[40,32]},{"t":5,"px":[48,32]},{"t":5,"px":[56,32]},{"t":5,"px":[64,32]},{"t":5,"px":[72,32]},{"t":5,"px":[80,32]},{"t":5,"px":[88,32]},{"t":5,"px":[96,32]},{"t":5,"px":[104,32]},{"t":5,"px":[112,32]},{"t":6,"px":[120,32]},{"t":6,"px":[0,40]},{"t":5,"px":[8,40]},{"t":5,"px":[16,40]},{"t":6,"px":[24,40]},{"t":5,"px":[32,40]},{"t":5,"px":[40,40]},{"t":5,"px":[48,40]},{"t":5,"px":[56,40]},{"t":5,"px":[64,40]},{"t":5,"px":[72,40]},{"t":5,"px":[80,40]},{"t":5,"px":[88,40]},{"t":5,"px":[96,40]},{"t":5,"px":[104,40]},{"t":5,"px":[112,40]},{"t":6,"px":[120,40]},{"t":6,"px":[0,48]},{"t":5,"px":[8,48]},{"t":5,"px":[16,48]},{"t":5,"px":[24,48]},{"t":5,"px":[32,48]},{"t":5,"px":[40,48]},{"t":5,"px":[48,48]},{"t":5,"px":[56,48]},{"t":5,"px":[64,48]},{"t":5,"px":[72,48]},{"t":5,"px":[80,48]},{"t":5,"px":[88,48]},{"t":5,"px":[96,48]},{"t":5,"px":[104,48]},{"t":5,"px":[112,48]},{"t":6,"px":[120,48]},{"t":6,"px":[0,56]},{"t":5,"px":[8,56]},{"t":5,"px":[16,56]},{"t":5,"px":[24,56]},{"t":5,"px":[32,56]},{"t":5,"px":[40,56]},{"t":5,"px":[48,56]},{"t":5,"px":[56,56]},{"t":5,"px":[64,56]},{"t":5,"px":[72,56]},{"t":5,"px":[80,56]},{"t":5,"px":[88,56]},{"t":5,"px":[96,56]},{"t":5,"px":[104,56]},{"t":5,"px":[112,56]},{"t":6,"px":[120,56]},{"t":6,"px":[0,64]},{"t":5,"px":[8,64]},{"t":5,"px":[16,64]},{"t":5,"px":[24,64]},{"t":5,"px":[32,64]},{"t":5,"px":[40,64]},{"t":5,"px":[48,64]},{"t":5,"px":[56,64]},{"t":5,"px":[64,64]},{"t":5,"px":[72,64]},{"t":5,"px":[80,64]},{"t":5,"px":[88,64]},{"t":6,"px":[96,64]},{"t":5,"px":[104,64]},{"t":5,"px":[112,64]},{"t":6,"px":[120,64]},{"t":6,"px":[0,72]},{"t":5,"px":[8,72]},{"t":5,"px":[16,72]},{"t":5,"px":[24,72]},{"t":5,"px":[32,72]},{"t":5,"px":[40,72]},{"t":5,"px":[48,72]},{"t":5,"px":[56,72]},{"t":5,"px":[64,72]},{"t":5,"px":[72,72]},{"t":5,"px":[80,72]},{"t":5,"px":[88,72]},{"t":6,"px":[96,72]},{"t":5,"px":[104,72]},{"t":5,"px":[112,72]},{"t":6,"px":[120,72]},{"t":10,"px":[0,80]},{"t":5,"px":[8,80]},{"t":5,"px":[16,80]},{"t":5,"px":[24,80]},{"t":5,"px":[32,80]},{"t":5,"px":[40,80]},{"t":5,"px":[48,80]},{"t":5,"px":[56,80]},{"t":5,"px":[64,80]},{"t":5,"px":[72,80]},{"t":6,"px":[80,80]},{"t":6,"px":[88,80]},{"t":6,"px":[96,80]},{"t":5,"px":[104,80]},{"t":5,"px":[112,80]},{"t":6,"px":[120,80]},{"t":6,"px":[0,88]},{"t":5,"px":[8,88]},{"t":5,"px":[16,88]},{"t":5,"px":[24,88]},{"t":5,"px":[32,88]},{"t":5,"px":[40,88]},{"t":5,"px":[48,88]},{"t":5,"px":[56,88]},{"t":5,"px":[64,88]},{"t":5,"px":[72,88]},{"t":5,"px":[80,88]},{"t":5,"px":[88,88]},{"t":5,"px":[96,88]},{"t":5,"px":[104,88]},{"t":5,"px":[112,88]},{"t":6,"px":[120,88]},{"t":6,"px":[0,96]},{"t":5,"px":[8,96]},{"t":5,"px":[16,96]},{"t":5,"px":[24,96]},{"t":5,"px":[32,96]},{"t":5,"px":[40,96]},{"t":5,"px":[48,96]},{"t":5,"px":[56,96]},{"t":5,"px":[64,96]},{"t":5,"px":[72,96]},{"t":5,"px":[80,96]},{"t":5,"px":[88,96]},{"t":5,"px":[96,96]},{"t":5,"px":[104,96]},{"t":5,"px":[112,96]},{"t":6,"px":[120,96]},{"t":6,"px":[0,104]},{"t":6,"px":[8,104]},{"t":6,"px":[16,104]},{"t":10,"px":[24,104]},{"t":6,"px":[32,104]},{"t":6,"px":[40,104]},{"t":6,"px":[48,104]},{"t":6,"px":[56,104]},{"t":6,"px":[64,104]},{"t":6,"px":[72,104]},{"t":6,"px":[80,104]},{"t":6,"px":[88,104]},{"t":6,"px":[96,104]},{"t":6,"px":[104,104]},{"t":6,"px":[112,104]},{"t":6,"px":[120,104]}],"entityInstances":[]}]},{"identifier":"room_blueprint_6","layerInstances":[{"__identifier":"layer_lights_and_walls","gridTiles":[],"entityInstances":[{"__identifier":"light_position","__grid":[3,6],"px":[24,48],"width":16,"height":16},{"__identifier":"light_position","__grid":[11,6],"px":[88,48],"width":16,"height":16},{"__identifier":"light_position","__grid":[11,9],"px":[88,72],"width":16,"height":16},{"__identifier":"light_position","__grid":[11,3],"px":[88,24],"width":16,"height":16},{"__identifier":"light_position","__grid":[3,3],"px":[24,24],"width":16,"height":16},{"__identifier":"light_position","__grid":[3,9],"px":[24,72],"width":16,"height":16},{"__identifier":"light_position","__grid":[1,11],"px":[8,88],"width":16,"height":16},{"__identifier":"light_position","__grid":[1,1],"px":[8,8],"width":16,"height":16},{"__identifier":"light_position","__grid":[13,1],"px":[104,8],"width":16,"height":16},{"__identifier":"light_position","__grid":[13,11],"px":[104,88],"width":16,"height":16},{"__identifier":"walls","__grid":[0,13],"px":[0,104],"width":48,"height":8},{"__identifier":"walls","__grid":[0,0],"px":[0,0],"width":72,"height":8},{"__identifier":"walls","__grid":[15,1],"px":[120,8],"width":8,"height":24},{"__identifier":"walls","__grid":[5,4],"px":[40,32],"width":8,"height":48},{"__identifier":"walls","__grid":[10,4],"px":[80,32],"width":8,"height":48},{"__identifier":"walls","__grid":[15,5],"px":[120,40],"width":8,"height":32},{"__identifier":"walls","__grid":[15,10],"px":[120,80],"width":8,"height":24},{"__identifier":"walls","__grid":[0,10],"px":[0,80],"width":8,"height":24},{"__identifier":"walls","__grid":[0,5],"px":[0,40],"width":8,"height":32},{"__identifier":"walls","__grid":[0,1],"px":[0,8],"width":8,"height":24},{"__identifier":"walls","__grid":[10,0],"px":[80,0],"width":48,"height":8},{"__identifier":"walls","__grid":[7,13],"px":[56,104],"width":72,"height":8}]},{"__identifier":"layer_tiles","gridTiles":[{"t":6,"px":[0,0]},{"t":6,"px":[8,0]},{"t":6,"px":[16,0]},{"t":6,"px":[24,0]},{"t":6,"px":[32,0]},{"t":6,"px":[40,0]},{"t":6,"px":[48,0]},{"t":6,"px":[56,0]},{"t":6,"px":[64,0]},{"t":10,"px":[72,0]},{"t":6,"px":[80,0]},{"t":6,"px":[88,0]},{"t":6,"px":[96,0]},{"t":6,"px":[104,0]},{"t":6,"px":[112,0]},{"t":6,"px":[120,0]},{"t":6,"px":[0,8]},{"t":5,"px":[8,8]},{"t":5,"px":[16,8]},{"t":5,"px":[24,8]},{"t":5,"px":[32,8]},{"t":5,"px":[40,8]},{"t":5,"px":[48,8]},{"t":5,"px":[56,8]},{"t":5,"px":[64,8]},{"t":5,"px":[72,8]},{"t":5,"px":[80,8]},{"t":5,"px":[88,8]},{"t":5,"px":[96,8]},{"t":5,"px":[104,8]},{"t":5,"px":[112,8]},{"t":6,"px":[120,8]},{"t":6,"px":[0,16]},{"t":5,"px":[8,16]},{"t":5,"px":[16,16]},{"t":5,"px":[24,16]},{"t":5,"px":[32,16]},{"t":5,"px":[40,16]},{"t":5,"px":[48,16]},{"t":5,"px":[56,16]},{"t":5,"px":[64,16]},{"t":5,"px":[72,16]},{"t":5,"px":[80,16]},{"t":5,"px":[88,16]},{"t":5,"px":[96,16]},{"t":5,"px":[104,16]},{"t":5,"px":[112,16]},{"t":6,"px":[120,16]},{"t":6,"px":[0,24]},{"t":5,"px":[8,24]},{"t":5,"px":[16,24]},{"t":5,"px":[24,24]},{"t":5,"px":[32,24]},{"t":5,"px":[40,24]},{"t":5,"px":[48,24]},{"t":5,"px":[56,24]},{"t":5,"px":[64,24]},{"t":5,"px":[72,24]},{"t":5,"px":[80,24]},{"t":5,"px":[88,24]},{"t":5,"px":[96,24]},{"t":5,"px":[104,24]},{"t":5,"px":[112,24]},{"t":6,"px":[120,24]},{"t":10,"px":[0,32]},{"t":5,"px":[8,32]},{"t":5,"px":[16,32]},{"t":5,"px":[24,32]},{"t":5,"px":[32,32]},{"t":6,"px":[40,32]},{"t":5,"px":[48,32]},{"t":5,"px":[56,32]},{"t":5,"px":[64,32]},{"t":5,"px":[72,32]},{"t":6,"px":[80,32]},{"t":5,"px":[88,32]},{"t":5,"px":[96,32]},{"t":5,"px":[104,32]},{"t":5,"px":[112,32]},{"t":10,"px":[120,32]},{"t":6,"px":[0,40]},{"t":5,"px":[8,40]},{"t":5,"px":[16,40]},{"t":5,"px":[24,40]},{"t":5,"px":[32,40]},{"t":6,"px":[40,40]},{"t":5,"px":[48,40]},{"t":5,"px":[56,40]},{"t":5,"px":[64,40]},{"t":5,"px":[72,40]},{"t":6,"px":[80,40]},{"t":5,"px":[88,40]},{"t":5,"px":[96,40]},{"t":5,"px":[104,40]},{"t":5,"px":[112,40]},{"t":6,"px":[120,40]},{"t":6,"px":[0,48]},{"t":5,"px":[8,48]},{"t":5,"px":[16,48]},{"t":5,"px":[24,48]},{"t":5,"px":[32,48]},{"t":6,"px":[40,48]},{"t":5,"px":[48,48]},{"t":5,"px":[56,48]},{"t":5,"px":[64,48]},{"t":5,"px":[72,48]},{"t":6,"px":[80,48]},{"t":5,"px":[88,48]},{"t":5,"px":[96,48]},{"t":5,"px":[104,48]},{"t":5,"px":[112,48]},{"t":6,"px":[120,48]},{"t":6,"px":[0,56]},{"t":5,"px":[8,56]},{"t":5,"px":[16,56]},{"t":5,"px":[24,56]},{"t":5,"px":[32,56]},{"t":6,"px":[40,56]},{"t":5,"px":[48,56]},{"t":5,"px":[56,56]},{"t":5,"px":[64,56]},{"t":5,"px":[72,56]},{"t":6,"px":[80,56]},{"t":5,"px":[88,56]},{"t":5,"px":[96,56]},{"t":5,"px":[104,56]},{"t":5,"px":[112,56]},{"t":6,"px":[120,56]},{"t":6,"px":[0,64]},{"t":5,"px":[8,64]},{"t":5,"px":[16,64]},{"t":5,"px":[24,64]},{"t":5,"px":[32,64]},{"t":6,"px":[40,64]},{"t":5,"px":[48,64]},{"t":5,"px":[56,64]},{"t":5,"px":[64,64]},{"t":5,"px":[72,64]},{"t":6,"px":[80,64]},{"t":5,"px":[88,64]},{"t":5,"px":[96,64]},{"t":5,"px":[104,64]},{"t":5,"px":[112,64]},{"t":6,"px":[120,64]},{"t":10,"px":[0,72]},{"t":5,"px":[8,72]},{"t":5,"px":[16,72]},{"t":5,"px":[24,72]},{"t":5,"px":[32,72]},{"t":6,"px":[40,72]},{"t":5,"px":[48,72]},{"t":5,"px":[56,72]},{"t":5,"px":[64,72]},{"t":5,"px":[72,72]},{"t":6,"px":[80,72]},{"t":5,"px":[88,72]},{"t":5,"px":[96,72]},{"t":5,"px":[104,72]},{"t":5,"px":[112,72]},{"t":10,"px":[120,72]},{"t":6,"px":[0,80]},{"t":5,"px":[8,80]},{"t":5,"px":[16,80]},{"t":5,"px":[24,80]},{"t":5,"px":[32,80]},{"t":5,"px":[40,80]},{"t":5,"px":[48,80]},{"t":5,"px":[56,80]},{"t":5,"px":[64,80]},{"t":5,"px":[72,80]},{"t":5,"px":[80,80]},{"t":5,"px":[88,80]},{"t":5,"px":[96,80]},{"t":5,"px":[104,80]},{"t":5,"px":[112,80]},{"t":6,"px":[120,80]},{"t":6,"px":[0,88]},{"t":5,"px":[8,88]},{"t":5,"px":[16,88]},{"t":5,"px":[24,88]},{"t":5,"px":[32,88]},{"t":5,"px":[40,88]},{"t":5,"px":[48,88]},{"t":5,"px":[56,88]},{"t":5,"px":[64,88]},{"t":5,"px":[72,88]},{"t":5,"px":[80,88]},{"t":5,"px":[88,88]},{"t":5,"px":[96,88]},{"t":5,"px":[104,88]},{"t":5,"px":[112,88]},{"t":6,"px":[120,88]},{"t":6,"px":[0,96]},{"t":5,"px":[8,96]},{"t":5,"px":[16,96]},{"t":5,"px":[24,96]},{"t":5,"px":[32,96]},{"t":5,"px":[40,96]},{"t":5,"px":[48,96]},{"t":5,"px":[56,96]},{"t":5,"px":[64,96]},{"t":5,"px":[72,96]},{"t":5,"px":[80,96]},{"t":5,"px":[88,96]},{"t":5,"px":[96,96]},{"t":5,"px":[104,96]},{"t":5,"px":[112,96]},{"t":6,"px":[120,96]},{"t":6,"px":[0,104]},{"t":6,"px":[8,104]},{"t":6,"px":[16,104]},{"t":6,"px":[24,104]},{"t":6,"px":[32,104]},{"t":6,"px":[40,104]},{"t":10,"px":[48,104]},{"t":6,"px":[56,104]},{"t":6,"px":[64,104]},{"t":6,"px":[72,104]},{"t":6,"px":[80,104]},{"t":6,"px":[88,104]},{"t":6,"px":[96,104]},{"t":6,"px":[104,104]},{"t":6,"px":[112,104]},{"t":6,"px":[120,104]}],"entityInstances":[]}]},{"identifier":"room_blueprint_7","layerInstances":[{"__identifier":"layer_lights_and_walls","gridTiles":[],"entityInstances":[{"__identifier":"light_position","__grid":[13,11],"px":[104,88],"width":16,"height":16},{"__identifier":"light_position","__grid":[13,2],"px":[104,16],"width":16,"height":16},{"__identifier":"light_position","__grid":[1,10],"px":[8,80],"width":16,"height":16},{"__identifier":"light_position","__grid":[13,8],"px":[104,64],"width":16,"height":16},{"__identifier":"light_position","__grid":[1,4],"px":[8,32],"width":16,"height":16},{"__identifier":"light_position","__grid":[12,4],"px":[96,32],"width":16,"height":16},{"__identifier":"light_position","__grid":[2,8],"px":[16,64],"width":16,"height":16},{"__identifier":"walls","__grid":[15,1],"px":[120,8],"width":8,"height":88},{"__identifier":"walls","__grid":[0,2],"px":[0,16],"width":8,"height":88},{"__identifier":"walls","__grid":[3,5],"px":[24,40],"width":16,"height":8},{"__identifier":"walls","__grid":[11,3],"px":[88,24],"width":16,"height":8},{"__identifier":"walls","__grid":[11,8],"px":[88,64],"width":16,"height":8},{"__identifier":"walls","__grid":[3,10],"px":[24,80],"width":16,"height":8},{"__identifier":"walls","__grid":[0,0],"px":[0,0],"width":48,"height":8},{"__identifier":"walls","__grid":[7,0],"px":[56,0],"width":16,"height":8},{"__identifier":"walls","__grid":[10,0],"px":[80,0],"width":48,"height":8},{"__identifier":"walls","__grid":[0,13],"px":[0,104],"width":48,"height":8},{"__identifier":"walls","__grid":[7,13],"px":[56,104],"width":16,"height":8},{"__identifier":"walls","__grid":[10,13],"px":[80,104],"width":48,"height":8}]},{"__identifier":"layer_tiles","gridTiles":[{"t":6,"px":[0,0]},{"t":6,"px":[8,0]},{"t":6,"px":[16,0]},{"t":6,"px":[24,0]},{"t":6,"px":[32,0]},{"t":6,"px":[40,0]},{"t":10,"px":[48,0]},{"t":6,"px":[56,0]},{"t":6,"px":[64,0]},{"t":10,"px":[72,0]},{"t":6,"px":[80,0]},{"t":6,"px":[88,0]},{"t":6,"px":[96,0]},{"t":6,"px":[104,0]},{"t":6,"px":[112,0]},{"t":6,"px":[120,0]},{"t":10,"px":[0,8]},{"t":5,"px":[8,8]},{"t":5,"px":[16,8]},{"t":5,"px":[24,8]},{"t":5,"px":[32,8]},{"t":5,"px":[40,8]},{"t":5,"px":[48,8]},{"t":5,"px":[56,8]},{"t":5,"px":[64,8]},{"t":5,"px":[72,8]},{"t":5,"px":[80,8]},{"t":5,"px":[88,8]},{"t":5,"px":[96,8]},{"t":5,"px":[104,8]},{"t":5,"px":[112,8]},{"t":6,"px":[120,8]},{"t":6,"px":[0,16]},{"t":5,"px":[8,16]},{"t":5,"px":[16,16]},{"t":5,"px":[24,16]},{"t":5,"px":[32,16]},{"t":5,"px":[40,16]},{"t":5,"px":[48,16]},{"t":5,"px":[56,16]},{"t":5,"px":[64,16]},{"t":5,"px":[72,16]},{"t":5,"px":[80,16]},{"t":5,"px":[88,16]},{"t":5,"px":[96,16]},{"t":5,"px":[104,16]},{"t":5,"px":[112,16]},{"t":6,"px":[120,16]},{"t":6,"px":[0,24]},{"t":5,"px":[8,24]},{"t":5,"px":[16,24]},{"t":5,"px":[24,24]},{"t":5,"px":[32,24]},{"t":5,"px":[40,24]},{"t":5,"px":[48,24]},{"t":5,"px":[56,24]},{"t":5,"px":[64,24]},{"t":5,"px":[72,24]},{"t":5,"px":[80,24]},{"t":6,"px":[88,24]},{"t":6,"px":[96,24]},{"t":5,"px":[104,24]},{"t":5,"px":[112,24]},{"t":6,"px":[120,24]},{"t":6,"px":[0,32]},{"t":5,"px":[8,32]},{"t":5,"px":[16,32]},{"t":5,"px":[24,32]},{"t":5,"px":[32,32]},{"t":5,"px":[40,32]},{"t":5,"px":[48,32]},{"t":5,"px":[56,32]},{"t":5,"px":[64,32]},{"t":5,"px":[72,32]},{"t":5,"px":[80,32]},{"t":5,"px":[88,32]},{"t":5,"px":[96,32]},{"t":5,"px":[104,32]},{"t":5,"px":[112,32]},{"t":6,"px":[120,32]},{"t":6,"px":[0,40]},{"t":5,"px":[8,40]},{"t":5,"px":[16,40]},{"t":6,"px":[24,40]},{"t":6,"px":[32,40]},{"t":5,"px":[40,40]},{"t":5,"px":[48,40]},{"t":5,"px":[56,40]},{"t":5,"px":[64,40]},{"t":5,"px":[72,40]},{"t":5,"px":[80,40]},{"t":5,"px":[88,40]},{"t":5,"px":[96,40]},{"t":5,"px":[104,40]},{"t":5,"px":[112,40]},{"t":6,"px":[120,40]},{"t":6,"px":[0,48]},{"t":5,"px":[8,48]},{"t":5,"px":[16,48]},{"t":5,"px":[24,48]},{"t":5,"px":[32,48]},{"t":5,"px":[40,48]},{"t":5,"px":[48,48]},{"t":5,"px":[56,48]},{"t":5,"px":[64,48]},{"t":5,"px":[72,48]},{"t":5,"px":[80,48]},{"t":5,"px":[88,48]},{"t":5,"px":[96,48]},{"t":5,"px":[104,48]},{"t":5,"px":[112,48]},{"t":6,"px":[120,48]},{"t":6,"px":[0,56]},{"t":5,"px":[8,56]},{"t":5,"px":[16,56]},{"t":5,"px":[24,56]},{"t":5,"px":[32,56]},{"t":5,"px":[40,56]},{"t":5,"px":[48,56]},{"t":5,"px":[56,56]},{"t":5,"px":[64,56]},{"t":5,"px":[72,56]},{"t":5,"px":[80,56]},{"t":5,"px":[88,56]},{"t":5,"px":[96,56]},{"t":5,"px":[104,56]},{"t":5,"px":[112,56]},{"t":6,"px":[120,56]},{"t":6,"px":[0,64]},{"t":5,"px":[8,64]},{"t":5,"px":[16,64]},{"t":5,"px":[24,64]},{"t":5,"px":[32,64]},{"t":5,"px":[40,64]},{"t":5,"px":[48,64]},{"t":5,"px":[56,64]},{"t":5,"px":[64,64]},{"t":5,"px":[72,64]},{"t":5,"px":[80,64]},{"t":6,"px":[88,64]},{"t":6,"px":[96,64]},{"t":5,"px":[104,64]},{"t":5,"px":[112,64]},{"t":6,"px":[120,64]},{"t":6,"px":[0,72]},{"t":5,"px":[8,72]},{"t":5,"px":[16,72]},{"t":5,"px":[24,72]},{"t":5,"px":[32,72]},{"t":5,"px":[40,72]},{"t":5,"px":[48,72]},{"t":5,"px":[56,72]},{"t":5,"px":[64,72]},{"t":5,"px":[72,72]},{"t":5,"px":[80,72]},{"t":5,"px":[88,72]},{"t":5,"px":[96,72]},{"t":5,"px":[104,72]},{"t":5,"px":[112,72]},{"t":6,"px":[120,72]},{"t":6,"px":[0,80]},{"t":5,"px":[8,80]},{"t":5,"px":[16,80]},{"t":6,"px":[24,80]},{"t":6,"px":[32,80]},{"t":5,"px":[40,80]},{"t":5,"px":[48,80]},{"t":5,"px":[56,80]},{"t":5,"px":[64,80]},{"t":5,"px":[72,80]},{"t":5,"px":[80,80]},{"t":5,"px":[88,80]},{"t":5,"px":[96,80]},{"t":5,"px":[104,80]},{"t":5,"px":[112,80]},{"t":6,"px":[120,80]},{"t":6,"px":[0,88]},{"t":5,"px":[8,88]},{"t":5,"px":[16,88]},{"t":5,"px":[24,88]},{"t":5,"px":[32,88]},{"t":5,"px":[40,88]},{"t":5,"px":[48,88]},{"t":5,"px":[56,88]},{"t":5,"px":[64,88]},{"t":5,"px":[72,88]},{"t":5,"px":[80,88]},{"t":5,"px":[88,88]},{"t":5,"px":[96,88]},{"t":5,"px":[104,88]},{"t":5,"px":[112,88]},{"t":6,"px":[120,88]},{"t":6,"px":[0,96]},{"t":5,"px":[8,96]},{"t":5,"px":[16,96]},{"t":5,"px":[24,96]},{"t":5,"px":[32,96]},{"t":5,"px":[40,96]},{"t":5,"px":[48,96]},{"t":5,"px":[56,96]},{"t":5,"px":[64,96]},{"t":5,"px":[72,96]},{"t":5,"px":[80,96]},{"t":5,"px":[88,96]},{"t":5,"px":[96,96]},{"t":5,"px":[104,96]},{"t":5,"px":[112,96]},{"t":10,"px":[120,96]},{"t":6,"px":[0,104]},{"t":6,"px":[8,104]},{"t":6,"px":[16,104]},{"t":6,"px":[24,104]},{"t":6,"px":[32,104]},{"t":6,"px":[40,104]},{"t":10,"px":[48,104]},{"t":6,"px":[56,104]},{"t":6,"px":[64,104]},{"t":10,"px":[72,104]},{"t":6,"px":[80,104]},{"t":6,"px":[88,104]},{"t":6,"px":[96,104]},{"t":6,"px":[104,104]},{"t":6,"px":[112,104]},{"t":6,"px":[120,104]}],"entityInstances":[]}]}]}